{
  "slug": "cobbler-crisps-crumbles",
  "adult_cooked_baseline": "",
  "raw_to_cooked_yield": "1.00",
  "primary_purchase_unit": "pan",
  "rounding_increment": "1 pan",
  "purchase_forms": [],
  "method_note": "\"The estimate above includes a small built-in cushion, so additional rounding up is generally unnecessary.\"",
  "source_line": "cobbler-crisps-crumbles-v2.html  portion is relative to 'standard bowl'; pricing default per pan",
  "status": "PARTIAL",
  "category": "desserts",
  "toppings_cushion": 0.1
}