{
  "slug": "cupcakes",
  "adult_cooked_baseline": "1 piece",
  "raw_to_cooked_yield": "1.00",
  "primary_purchase_unit": "pieces",
  "rounding_increment": "1 piece",
  "purchase_forms": [],
  "method_note": "\"The estimate above includes a small built-in cushion, so additional rounding up is generally unnecessary.\"",
  "source_line": "cupcakes-v2.html  base per person function shows adult 1.0; size sets per-piece weight for pounds",
  "status": "BUILT",
  "category": "desserts",
  "toppings_cushion": 0.1
}