{
  "slug": "doughnuts",
  "adult_cooked_baseline": "1 piece",
  "raw_to_cooked_yield": "1.00",
  "primary_purchase_unit": "pieces",
  "rounding_increment": "1 piece",
  "purchase_forms": [],
  "method_note": "\"The estimate above includes a small built-in cushion, so additional rounding up is generally unnecessary.\"",
  "source_line": "DOUGHNUTS-v2.html  base adult 1.0, teen 1.5, child 0.5; primary results in pieces/dozens",
  "status": "BUILT",
  "category": "desserts",
  "toppings_cushion": 0.1
}