{
  "slug": "macarons",
  "adult_cooked_baseline": "3 pieces",
  "raw_to_cooked_yield": "1.00",
  "primary_purchase_unit": "pieces",
  "rounding_increment": "1 piece",
  "purchase_forms": [],
  "method_note": "\"The estimate above includes a small built-in cushion, so additional rounding up is generally unnecessary.\"",
  "source_line": "macarons-v2.html  base per-person adult 3 pieces; results in pieces and dozens; pricing per piece or dozen.",
  "status": "BUILT",
  "category": "desserts",
  "toppings_cushion": 0.1
}