{
  "slug": "mini-desserts",
  "adult_cooked_baseline": "",
  "raw_to_cooked_yield": "1.00",
  "primary_purchase_unit": "pieces",
  "rounding_increment": "1 piece",
  "purchase_forms": [],
  "method_note": "\"The estimate above includes a small built-in cushion, so additional rounding up is generally unnecessary.\"",
  "source_line": "mini-desserts-v2.html  pieces per AE is computed from size oz and variety; no fixed baseline value",
  "status": "PARTIAL",
  "category": "desserts",
  "toppings_cushion": 0.1
}