{
  "slug": "pies-by-slice",
  "adult_cooked_baseline": "1 slice",
  "raw_to_cooked_yield": "1.00",
  "primary_purchase_unit": "pieces",
  "rounding_increment": "1 piece",
  "purchase_forms": [],
  "method_note": "\"The estimate above includes a small built-in cushion, so additional rounding up is generally unnecessary.\"",
  "source_line": "PIES-BY-SLICE-v2.html  base slices per person (adult 1.0); oz per dessert slice baseline ~5.0",
  "status": "BUILT",
  "category": "desserts",
  "toppings_cushion": 0.1
}