{
  "slug": "puddings-custard-mousse",
  "adult_cooked_baseline": "0.5 cup",
  "raw_to_cooked_yield": "1.00",
  "primary_purchase_unit": "",
  "rounding_increment": "0.25 cup",
  "purchase_forms": [],
  "method_note": "\"The estimate above includes a small built-in cushion, so additional rounding up is generally unnecessary.\"",
  "source_line": "PUDDINGS-CUSTARD-MOUSSE-v2.html  4 fl oz per AE baseline; cups rounded to quarter",
  "status": "PARTIAL",
  "category": "desserts",
  "toppings_cushion": 0.1
}