{
  "slug": "sheet-cake-by-slice",
  "adult_cooked_baseline": "1 slice",
  "raw_to_cooked_yield": "1.00",
  "primary_purchase_unit": "pieces",
  "rounding_increment": "1 slice",
  "purchase_forms": [],
  "method_note": "\"The estimate above includes a small built-in cushion, so additional rounding up is generally unnecessary.\"",
  "source_line": "sheet-cake-by-slice.html  base slices per adult 1.0; convert to cakes from pan size; pounds round to 0.25 lb.",
  "status": "BUILT",
  "category": "desserts",
  "toppings_cushion": 0.1
}